name,year,magnitude,focal_depth,damage
"INDONESIA:  AMBON ISLAND, SERAM ISLAND",1674,6.8,40.0,35.0
CUBA:  SANTIAGO DE CUBA,1766,6.8,25.0,700.0
"PHILIPPINES:  S COAST LUZON:  PASIG RIVER,PAMPANGA",1880,7.5,100.0,50.0
JAPAN:  OFF COAST OF HONSHU,1894,7.9,40.0,6.0
CHINA:  XINJIANG PROVINCE:  KASHGAR,1896,6.6,25.0,5.0
AZERBAIJAN:  SEMACHA; N IRAN,1902,6.9,15.0,60.0
"ITALY:  MONTELEONE, TROPEA, MONTE PORO",1905,7.1,15.0,2000.0
MEXICO:  MICHOACAN,1911,7.9,11.0,22.0
TURKEY:  MARMARA SEA,1912,7.8,60.0,1575.0
CHINA:  YUNNAN PROVINCE,1913,7.0,10.0,112.0
INDONESIA:  SUMATERA,1914,7.6,35.0,20.0
"JAPAN:  TOKYO, YOKOHAMA",1923,7.9,35.0,47000.0
JAPAN:  HONSHU:  SW,1927,7.3,10.0,3295.0
CHINA:  GANSU PROVINCE,1927,7.6,27.0,524.0
UKRAINE:  CRIMEA:  SEBASTOPOL,1927,6.8,17.0,122.0
ITALY:  TOLMEZZO,1928,5.8,33.0,40.0
BULGARIA:  CHIRPAN,1928,6.8,7.0,1735.0
"ALBANIA:  VLORE, HIMARE, KUC",1930,6.0,12.0,108.0
JAPAN:  HONSHU:  IDU,1930,7.1,19.0,1285.0
NEW ZEALAND:  HAWKE BAY,1931,7.7,35.0,400.0
CHINA:  HUBEI PROVINCE,1932,6.0,15.0,27.0
MEXICO:  NEAR COAST OF JALISCO,1932,8.1,60.0,120.0
GREECE: HIERISSOS-STRANTONION (CHALKIDIKI),1932,6.9,35.0,669.0
PANAMA-COSTA RICA,1934,7.7,60.0,4.0
TAIWAN:  XIINZHU,1935,6.5,30.0,6004.0
INDONESIA:  TALAUD ISLANDS,1936,7.7,60.0,3.0
CHILE:  TALTAL,1936,7.3,60.0,40.0
PHILIPPINES:  LUZON,1937,7.5,60.0,200.0
GHANA:  ACCRA,1939,6.4,13.0,130.0
PERU,1940,8.2,60.0,3500.0
"PERU:  ICA, NAZCA",1942,8.2,60.0,25.0
"ALBANIA:  PESHKOPIA, MAGELLARE",1942,6.0,33.0,110.0
INDONESIA:   JAVA:  JOGYAKARTA,1943,8.1,90.0,2096.0
"TURKEY:  LADIK, SAMSUN, HAVZA",1943,7.6,33.0,5000.0
JAPAN:  OFF SOUTHEAST COAST KII PENINSULA,1944,8.1,30.0,2135.0
GREECE:  S:  PYLIA (MESSINIA),1947,6.9,28.0,20.0
GREECE:  VASILIKI (LEUKAS),1948,6.5,15.0,45.0
CHINA:  SICHUAN PROVINCE,1948,7.3,18.0,200.0
JAPAN:  FUKUI,1948,7.3,20.0,11000.0
"PERU:  ICA,CHIMBOTE,HUARAZ,CAJAMARCA,CUZCO,MOQUEGUA",1950,7.0,80.0,12.0
HAWAII,1951,6.9,60.0,2.0
TAIWAN,1951,7.3,21.0,586.0
"CHILE:  CHILLAN, CONCEPCION",1953,7.6,60.0,26.0
OFF COAST OF PERU,1953,7.4,30.0,20.0
GREECE:  DRAKIA-AGRIA (MAGNESIA),1955,6.2,33.0,149.0
COLOMBIA-ECUADOR,1958,7.6,60.0,46.0
INDONESIA:  JAVA:  MALANG,1958,6.7,100.0,1856.0
RUSSIA:  NEAR EAST COAST OF KAMCHATKA,1959,8.2,60.0,13.0
TAIWAN,1959,7.0,60.0,63.0
"PERU:  AREQUIPA,CHUQUIBAMBA,CARAVELI,COTAHUASI",1960,7.8,160.0,200.0
ALGERIA:  MELOUZA,1960,5.6,33.0,88.0
MOROCCO:  AGADIR,1960,5.9,33.0,25000.0
"CHILE:  PUERTO MONTT, VALDIVIA",1960,9.5,33.0,3000.0
JAPAN:  MIYAZAKI,1961,7.3,74.0,7.0
INDONESIA:  FLORES:  ENDEH,1961,6.5,74.0,6.0
CHINA:  GUANGDONG PROVINCE,1962,6.1,25.0,2.0
MEXICO:  S,1962,7.2,33.0,16.0
"COLOMBIA:  MISTRATO, MANIZALES",1962,6.8,69.0,300.0
IRAN:   BUYIN-ZARA,1962,7.2,27.0,2776.0
"TAIWAN:  TAIPEI, HSINCH",1963,7.3,47.0,18.0
LIBYA:  BARCE (AL MARJ),1963,5.4,5.0,375.0
BALKANS NW:  MACEDONIA:  SKOPJE,1963,6.0,5.0,3300.0
INDONESIA:  SULAWESI:  PINRANG,1964,5.2,90.0,27.0
TAIWAN:  TAINAN,1964,7.0,33.0,479.0
TANZANIA,1964,6.0,33.0,19.0
JAPAN:  HONSHU:  W COAST,1964,7.5,40.0,450.0
ALGERIA:  M'SILA,1965,5.5,10.0,350.0
"GREECE:  ALONISOS, SKOPELOS",1965,6.3,18.0,253.0
GREECE:  SOUTHERN,1965,6.2,34.0,200.0
"JAPAN:  AICHI, SHIZOUKA PREFECTURES",1965,6.0,36.0,4.0
EL SALVADOR:  SAN MARCOS,1965,6.0,23.0,1138.0
NORTH CORINTH GULF,1965,6.3,18.0,6.0
GREECE:  CENTRAL,1966,6.3,38.0,60.0
TAIWAN,1966,8.0,48.0,10.0
NEPAL-INDIA,1966,6.3,23.0,100.0
TURKEY:  BAGICI,1966,4.6,64.0,20.0
GREECE:  SOUTHERN,1966,5.9,17.0,25.0
"PERU:  LIMA,HUACHO,HUAURA, CHANCAY,SUPE,SAN NICOLAS",1966,8.1,38.0,3000.0
GREECE:  CENTRAL,1966,5.7,20.0,23.0
"CHILE:  TALTAL, CATALINA",1966,7.8,47.0,6.0
"INDONESIA:  JAVA:  DAMPIT,GONDANG,TRENGGALEK",1967,6.8,80.0,300.0
INDONESIA:  MAKASSAR STRAIT,1967,5.5,33.0,100.0
ALGERIA:  NEAR SIG,1967,5.0,13.0,15.0
VENEZUELA,1967,6.5,10.0,1536.0
"FRANCE:  ARETTE,LANNE,MONTORY,ARAMITS,HAUX,SUNHAR",1967,5.3,15.0,80.0
ITALY:  SICILY,1968,6.0,33.0,563.0
ITALY:  SICILY,1968,5.1,33.0,55.0
GREECE:  AEGEAN SEA:  ST EUSTRATIOS,1968,7.2,15.0,18.0
"KENYA:  HOMA BAY, USIRI, GOT KOKECH",1968,4.6,33.0,1.0
"JAPAN:  KYUSHU, SHIKOKU",1968,7.5,30.0,22.0
"IRAN:  MAKU,SHAH BANDALU,QURTA BOLAGH,QONDEQLI",1968,5.3,34.0,100.0
JAPAN:  OFF EAST COAST OF HONSHU ISLAND,1968,8.2,7.0,330.0
PHILIPPINES:  LUZON:  MANILA,1968,7.3,36.0,261.0
IRAN:  DASHT-E-BAYAZ,1968,7.3,13.0,17000.0
"TURKEY:  BARTIN, AMASRA, CAKRAZ",1968,6.6,38.0,200.0
"INDONESIA:  SULAWESI:  PARASANGA, PALETOANG",1969,7.4,13.0,97.0
"PORTUGAL; MOROCCO:  RABAT, SALE; SPAIN:  CANARY IS",1969,7.8,22.0,80.0
ETHIOPIA:  SARDO,1969,6.2,35.0,160.0
"EGYPT:  BENI-SOUEF, AL-QAHIRAH (CAIRO)",1969,7.0,33.0,16.0
ITALY:  PERUGIA,1969,4.7,33.0,4.0
INDIA:  BROACH,1970,5.4,3.0,200.0
TURKEY:  GEDIZ,1970,7.4,20.0,1174.0
PHILIPPINES:  LUZON,1970,7.3,40.0,200.0
"TURKEY:  DEMIRCI, MANISA",1970,5.7,18.0,43.0
"PERU: NORTHERN, PISCO, CHICLAYO",1970,7.9,43.0,50000.0
"SEIKAIDO, JAPAN",1970,7.0,34.0,13.0
"IRAN:  KARNAVEH, MAREV",1970,6.7,16.0,220.0
BALKANS NW:  CROATIA:  KNIN,1970,5.5,5.0,8.0
COLOMBIA:  BAHIA SOLANO,1970,6.6,8.0,2.0
PAPUA NEW GUINEA:  MADANG,1970,7.3,8.0,20.0
PERU:  N;  ECUADOR:  S,1970,7.6,25.0,350.0
ITALY:  TUSCANIA,1971,4.6,33.0,150.0
CALIFORNIA:  SAN FERNANDO,1971,6.5,8.0,2000.0
"INDONESIA:  JAVA:  BUARAN,BANTAR KAWSUN,JIPANG",1971,5.2,35.0,6.0
CHILE:  CENTRAL,1971,7.8,58.0,447.0
PAPUA NEW GUINEA:  NEW IRELAND: BOUGAINVILLE,1971,7.9,47.0,5.0
"ITALY:  CENTRAL, ANCONA",1972,4.8,25.0,2.0
PERU:  JUANJUI,1972,6.1,64.0,50.0
"IRAN:  QIR,KARZIN, JAHROM, FIRUZABAD",1972,6.9,11.0,1700.0
TAIWAN:  HUALIEN,1972,6.9,33.0,11.0
"AFGHANISTAN:  HINDU KUSH:  SARSANGI, NARIN COUNTIES",1972,6.1,47.0,15.0
NICARAGUA:  MANAGUA,1972,6.2,5.0,20000.0
"MEXICO:  S, FARIAS, TECOMAN",1973,7.5,43.0,390.0
"PHILIPPINES:  QUEZON CITY:  CALAUG,LOPEZ,GUIAYANGAN",1973,7.5,33.0,64.0
"COSTA RICA: TILARAN, ARENAL, RIO CHIQUITO",1973,6.5,33.0,100.0
HAWAII: HILO,1973,6.5,48.0,11.0
JAPAN:  HOKKAIDO ISLAND,1973,7.7,48.0,27.0
RUSSIA:  KURIL ISLANDS,1973,7.1,50.0,1.0
TURKEY:  IZMIR,1974,5.2,29.0,20.0
JAPAN:  NAKAGI,1974,6.5,2.0,102.0
"JAPAN:  HONSHU:  KAKIOTA,  MITO, TOKYO",1974,5.7,58.0,17.0
"PERU:  LIMA, CALLAO",1974,8.1,13.0,2414.0
ANTIGUA AND BARBUDA; ST KITTS,1974,7.5,47.0,4.0
"PAKISTAN:  BALAKOT, PATAN",1974,6.2,22.0,17000.0
"CHILE:  COQUIMBO, LA SERENA",1975,6.9,4.0,25.0
"JAPAN:  OITA, AROSAN",1975,6.1,7.0,8.0
ALGERIA:  DJEBEL BABOR,1975,4.3,30.0,18.0
CALIFORNIA:  OROVILLE,1975,5.6,15.0,10.0
TURKEY:  LICE,1975,6.7,26.0,3372.0
GREECE:  KATO-MAKRINOU,1975,5.5,19.0,10.0
"GUATEMALA:  CHIMALTENANGO, GUATEMALA CITY",1976,7.5,5.0,76000.0
GUATEMALA,1976,5.1,5.0,50.0
"ITALY:  NE, BALKANS NW:   SLOVENIA: NW",1976,6.5,9.0,1700.0
INDONESIA:  BALI,1976,6.5,40.0,4755.0
CHINA:  NE:  TANGSHAN,1976,7.5,23.0,799000.0
PHILIPPINES:  MINDANAO:  S,1976,8.0,33.0,3500.0
TURKEY:  DENIZLI,1976,4.9,3.0,50.0
"CHILE:  POZO ALMONTE, OFICINA VICTORIA, ARICA",1976,7.3,82.0,13.0
SOUTH AFRICA,1976,5.2,33.0,36.0
ROMANIA:  BUCHAREST,1977,7.5,89.0,10500.0
PHILIPPINES:  LUZON:  MANILA,1977,7.3,37.0,9.0
IRAN:  BANDAR ABBAS,1977,6.9,29.0,556.0
"IRAN:  NAGHAN,ARDAL,JAGHDAN,DASTGERD,KORDAN,SARMUR",1977,5.9,41.0,200.0
SOLOMON ISLANDS,1977,8.1,33.0,1.0
IRAN:  AZARBAIJAN,1977,5.4,37.0,9.0
TONGA TRENCH,1977,7.2,65.0,5.0
ARGENTINA:  SAN JUAN PROVINCE:  MENDOZA,1977,7.4,13.0,300.0
IRAN:  BAB-TANGOL,1977,5.8,31.0,1000.0
"JAPAN:  TOKKAIDO, OSHIMA",1978,6.6,14.0,129.0
TURKEY,1978,4.5,33.0,20.0
"JAPAN:  OFUNATO, TOHOKU",1978,6.1,60.0,30.0
MEXICO:  ACAPULCO,1978,6.6,36.0,25.0
"GREECE:  THESSALONIKI, VOLVI, LANGADAS",1978,5.6,10.0,2.0
JAPAN:  S HONSHU:  HIROSHIMA,1978,4.9,4.0,1.0
JAPAN:  SANRIKU,1978,7.7,44.0,10000.0
CHILE:  NORTHERN:  COPIAPO-TALTAI,1978,7.0,58.0,13.0
CALIFORNIA:  SOUTHERN,1978,5.6,7.0,65.0
TAIWAN:  PINTUNG,1978,7.0,33.0,3.0
MEXICO:  GUERRERO,1979,7.6,49.0,35.0
BALKANS NW:  MONTENEGRO,1979,6.9,10.0,1001.0
BALKANS NW:  MACEDONIA:  DEBAR,1979,6.2,8.0,65.0
CHINA:  JIANGSU PROVINCE:  LIYANG,1979,5.4,11.0,2987.0
CHINA:  NEI MONGOL:  WU-YUAN,1979,5.9,33.0,104.0
ITALY:  CENTRAL:  UMBRIA,1979,5.8,16.0,5000.0
GUATEMALA,1979,4.7,33.0,40.0
CALIFORNIA:  IMPERIAL VALLEY; MEXICO: MEXICALI,1979,6.9,10.0,91.0
INDONESIA:  SUMBAWA ISLAND,1979,6.2,38.0,40.0
GUATEMALA,1979,6.8,58.0,23.0
INDONESIA:  JAVA,1979,6.1,62.0,200.0
GREECE-ALBANIA,1979,5.2,40.0,3.0
COLOMBIA:  MANIZALES-ARMENIA,1979,6.4,108.0,600.0
IRAN,1979,7.5,10.0,24.0
"COLOMBIA: OFF SHORE, PACIFIC OCEAN",1979,7.7,33.0,20000.0
INDONESIA:  S SUMATERA,1979,6.6,33.0,162.0
"INDONESIA:  SUMBAWA ISLAND:  BALI, LOMBOK",1979,6.3,33.0,200.0
"AZORES:   TERCEIRA, ANGRA DO HEROISMO",1980,6.7,10.0,600.0
CALIFORNIA:  LIVERMORE,1980,5.9,11.0,50.0
BALKANS NW:  SERBIA,1980,5.8,9.0,30.0
CALIFORNIA:  MAMMOTH LAKES,1980,6.1,7.0,7.0
MEXICO:  NW,1980,6.4,5.0,100.0
JAPAN:  HONSHU:  S COAST,1980,6.2,15.0,7.0
KENTUCKY:  MAYSVILLE,1980,5.1,8.0,2.0
"ECUADOR:  W, GUAYAQUIL",1980,5.6,55.0,100.0
INDIA:  KASHMIR,1980,4.9,25.0,40.0
"JAPAN:  TOKYO, YOKOHAMA",1980,6.0,73.0,73.0
ALGERIA:  NORTHERN,1980,7.7,10.0,9000.0
"ITALY:   AVELLINO, POTENZA, CASERTA, NAPLES",1980,6.9,20.0,7700.0
VENEZUELA:  E,1980,5.0,40.0,36.0
"IRAN:  N CENTRAL, TEHRAN",1980,5.2,41.0,139.0
CHINA:  SICHUAN PROVINCE,1981,6.8,33.0,489.0
GREECE:  ATHENS-EASTERN GULF OF CORINTH,1981,6.7,33.0,400.0
GREECE:  ATHENS-CORINTH-KHALIS,1981,6.4,29.0,9.0
PERU:  AYACUCHO,1981,4.8,38.0,15.0
"IRAN:  SE, KERMAN",1981,7.1,33.0,1000.0
BALKANS NW:  BOSNIA-HERZEGOVINA:  BANJA LUKA,1981,5.5,16.0,44.0
PAKISTAN: GILGIT,1981,5.9,33.0,2500.0
PAKISTAN:  CENTRAL,1981,4.0,33.0,12.0
"HONDURAS:  AMPALA, MASAYA",1982,6.0,6.0,2.0
"INDONESIA:  JAVA, SUKABUMI",1982,5.5,40.0,17.0
MEXICO:  CHIAPAS,1982,3.5,9.0,200.0
CHINA:  SICHUAN PROVINCE:  GARZE,1982,5.5,10.0,5.0
HONDURAS-GUATEMALA-EL SALVADOR,1982,5.1,12.0,2.0
"BALKANS NW:  ALBANIA:  BIER, BERAT, LUSHNJE",1982,5.5,21.0,12.0
YEMEN:  DHAMAR,1982,6.0,5.0,1500.0
AFGHANISTAN:  NORTHEASTERN,1982,6.6,36.0,3000.0
INDONESIA:  FLORES ISLAND:  EASTERN,1982,5.9,33.0,390.0
CHINA:  XINJIANG WEIWUER ZIZHIQU PROVINCE: WUQUA S,1983,6.2,16.0,2.0
GREECE: VONITSA,1983,6.2,19.0,7.0
"IRAN:  TEHRAN, DAMAVOND, AMOI",1983,4.9,33.0,61.0
"COLOMBIA:  SW, POPAYAN",1983,4.9,22.0,1200.0
INDONESIA:  SUMATERA:  BANDA ACEH,1983,6.6,79.0,100.0
"CALIFORNIA:  CENTRAL, COALINGA",1983,6.2,10.0,45.0
JAPAN:  HONSHU:  AKITA,1983,7.7,24.0,324.0
COSTA RICA:  SAN JOSE,1983,6.2,33.0,60.0
"TURKEY:  NW, BIGA, ERDEK, ISTANBUL",1983,6.1,10.0,26.0
"IRAN:  NW, ZANJIN",1983,5.0,41.0,41.0
JAPAN:  HONSHU:  S COAST,1983,5.3,25.0,28.0
PHILIPPINES:  LUZON,1983,6.5,29.0,47.0
CHILE:  NORTHERN:  COPOAPO-CHANARAL,1983,7.3,15.0,12.0
INDONESIA:  CENTRAL SULAWESI,1983,6.1,33.0,4.0
"IDAHO:  BORAH PEAK, CHALLIS, MACKAY",1983,7.3,14.0,2.0
"TURKEY:  ERZURUM, KARS, KHORASAN, PASINLER, NARMAN",1983,6.9,12.0,1142.0
"CHINA:  E, HEZE-DONGMING, SHANDONG PROVINCE",1983,5.3,19.0,2200.0
BELGIUM,1983,5.0,10.0,30.0
"ITALY:  N, PARMA",1983,5.0,37.0,100.0
HAWAII: KAPAPALA,1983,6.7,12.0,6.0
GUINEA:  GAOUAL-KOUMBIA,1983,6.2,11.0,1436.0
"AFGHANISTAN:  HINDU KUSH:  KABUL, SAMANGAN; PAKISTAN",1983,7.2,215.0,483.0
INDONESIA:  SULAWESI:  W,1984,6.6,33.0,89.0
"AFGHANISTAN:  KHOROG, JALALABAD; PAKISTAN",1984,5.8,33.0,35.0
PAKISTAN-NW AFGHANISTAN:  HINDU KUSH: CHITRAL-LANDI,1984,6.1,208.0,13.0
UZBEKISTAN:  GAZLI,1984,7.0,15.0,100.0
PAPUA NEW GUINEA:  KARKAR,1984,6.6,28.0,11.0
CALIFORNIA:  CENTRAL:  MORGAN HILL,1984,6.1,8.0,27.0
ITALY:  CENTRAL:  :PERUGIA-ASSISSI-GUBBIO,1984,5.3,12.0,200.0
ITALY:  S CENTRAL:  ABRUZZO,1984,5.8,10.0,100.0
ITALY:  S CENTRAL:  ABRUZZO,1984,5.2,14.0,63.0
INDONESIA:  N SUMATERA:  TARUTUNG,1984,5.2,33.0,123.0
BALKANS NW:  SERBIA,1984,4.7,13.0,2.0
"TURKEY:  E, ERZURUM, OLUR-SENKAYA",1984,6.4,10.0,38.0
GREECE:  MESSINA,1984,4.5,27.0,1.0
"TURKEY:  E, SENKAYA",1984,5.3,60.0,35.0
"INDIA:  ASSAM, CACHAR DISTRICT",1984,5.6,23.0,100.0
"ARGENTINA:  WEST CENTRAL, MENDOZA, LA LIGUA",1985,6.9,5.0,238.0
"IRAN:  S, FIRUZABAD-JAHROM",1985,5.3,37.0,80.0
"CHILE:  CENTRAL COAST, SAN ANTONIO, VALPARAISO",1985,8.0,40.0,2575.0
GUADELOUPE,1985,6.3,13.0,6.0
"PHILIPPINES:  PAGADIAN,  ZAMBOANGA",1985,6.5,33.0,25.0
CHINA:  YUNNAN PROVINCE,1985,5.8,5.0,300.0
"PHILIPPINES:  LUZON:  BENGUET PROVINCE,  BAGUIO",1985,6.1,33.0,11.0
"AFGHANISTAN:  HINDU KUSH:  CHITRAL, SWAT",1985,6.6,99.0,38.0
PERU:  COAST:  CHIMBOTE,1985,6.1,57.0,100.0
CHINA:  S XINJIANG:  WUQUA-SHUFU,1985,7.5,7.0,162.0
INDONESIA:  NEW GUINEA:  IRIAN JAYA:  ENAROTALI,1985,6.3,10.0,7.0
MEXICO:  MICHOACAN:  MEXICO CITY,1985,8.1,28.0,30000.0
BALKANS NW:  MACEDONIA:  DEMIR KAPIJA-NEGOTINO,1985,5.0,7.0,16.0
"TAJIKISTAN:  KAPTOLYUK, KAYRAKKUM, GAFUROV",1985,5.9,16.0,80.0
"TURKEY:  ERZURUM, KARS, AGRI, ARTVIN",1985,4.2,33.0,14.0
"NICARAGUA:  RIVAS,  MASAYA",1985,6.0,22.0,6.0
ITALY:  SICILY,1985,4.3,10.0,14.0
"INDONESIA:  SUMATERA:  S, HAHAT, MUARAENIM",1986,5.0,33.0,2.0
PERU:  CUZCO,1986,4.6,51.0,170.0
"INDIA:  KASHMIR:  DHARMSALA,  LAHORE, PAKISTAN",1986,5.3,33.0,30.0
"TURKEY:  DOGANSEHIR-GOLBASHI, KAPIDERE",1986,5.9,10.0,100.0
TAIWAN:  HUALIEN,1986,6.4,19.0,5.0
VENEZUELA,1986,6.2,19.0,45.0
CALIFORNIA:  PALM SPRINGS,1986,6.0,12.0,29.0
"IRAN:  S, FARS PROVINCE, MAMASANI, SHIRAZ",1986,5.6,10.0,4.0
"ROMANIA:  BUCHAREST, KISHINEV-KAGUL",1986,6.9,132.0,558.0
"GREECE:  KALAMI, LAKONIA, ZAKINTHOS",1986,5.8,11.0,300.0
"GREECE:  S, MESSINIA, BERGA, NEDOUSA",1986,4.8,10.0,37.0
EL SALVADOR:  SAN SALVADOR,1986,5.4,7.0,10000.0
"TURKEY:  AYDIN, DENIZLI-IZMIR-MANISA",1986,5.5,5.0,3.0
"TAIWAN:  TAIPEI, HUALIEN",1986,7.8,34.0,44.0
"BALKANS NW:  BOSNIA-HERZEGOVINA: STRMICA, KNIN",1986,5.5,30.0,12.0
BULGARIA:  VELIKO TURNOVO-TURGOVISHTE,1986,5.6,21.0,60.0
"ALGERIA:  MOHAMMADIA, QUED, FODDA, TISSEMSILT",1987,4.3,10.0,7.0
"NEW ZEALAND:  NORTH ISLAND, WHAKATANI, EDGECUMBE",1987,6.6,19.0,25.0
"JAPAN:  KYUSHU:  MIYAZAKI, NAZE",1987,6.7,54.0,5.0
"INDONESIA:  SUMATERA:  N, TARUTUNG-LAKE TOBA,",1987,6.6,11.0,22.0
PHILIPPINES:  MINDANAO:  TALAKAG-MALAYBALAY,1987,5.2,32.0,2.0
"IRAN:  W, NAHAVAND-HAMADEN-TUYSARKAN",1987,4.6,41.0,50.0
CHINA:  GANZHOU PROVINCE:  XUNWU,1987,4.9,29.0,84.0
"CHILE:  ARICA, IQUIQUE",1987,6.9,70.0,112.0
"CHILE:  ARICA; PERU:  AREQUIPA, TACNA",1987,6.4,37.0,1.0
ITALY:  PORTO SAN GIORGIO-PERMO-PDEASO AREA,1987,4.6,19.0,2.0
"ECUADOR:  AMBATO, LATACUNGA, RIOBAMBA",1987,6.2,10.0,12.0
CALIFORNIA:  WHITTIER,1987,5.7,10.0,200.0
"INDONESIA:  TIMOR:  PANTAR, MOUNT SIRUNG",1987,6.5,33.0,108.0
CHINA:  LINGWU,1988,5.5,14.0,60.0
BANGLADESH:  SYLHET; INDIA:  TIPURA-ASSAM,1988,5.8,33.0,100.0
"PHILIPPINES:  MINDORO:  SAN JOSE, CALAPAN",1988,6.2,17.0,2.0
"TAIWAN:  HUALIEN, SU-HUA",1988,5.7,51.0,1.0
CHINA:  YUNNAN PROVINCE,1988,7.3,18.0,3900.0
"CHINA:  E, QINZHOU-FANGCHENG, NANNING",1988,4.6,10.0,71.0
"PHILIPPINES:  SAMAR:  CATARMAN, CATBALOGAN",1988,6.6,19.0,29.0
"MALAWI:  SALIMA, DEDZA, MOHINJI",1989,6.1,30.0,100.0
CHINA:  SICHUAN PROVINCE:  BATANG,1989,6.2,13.0,42.0
"CHINA:  YUNNAN PROVINCE:  GENGMA, LANCANG, MENGLIAN",1989,5.6,33.0,91.0
HAWAIIAN ISLANDS:  PUNA DISTRICT,1989,6.1,9.0,5.0
"DJIBOUTI:  GALAFI, YABAKI",1989,6.3,12.0,2.0
CHINA:  SICHUAN PROVINCE:  XIAOJIN COUNTY,1989,6.1,15.0,151.0
CALIFORNIA:  LOMA PRIETA,1989,6.9,19.0,3757.0
CHINA:  SHANXI AND HEBEI PROVINCES; DATONG,1989,5.3,10.0,193.0
"ALGERIA:  ALGIERS, CHERCHELL, TIPAZA",1989,5.7,6.0,245.0
CHINA:  SICHUAN PROVINCE:  JIANGBEI COUNTY,1989,4.7,33.0,161.0
"IRAN:  SHAHDAD, KERMAN PROVINCE",1989,5.9,18.0,45.0
AUSTRALIA:  NEWCASTLE,1989,5.4,10.0,100.0
"PHILIPPINES:  BOHOL, CEBU, CAGAYAN DE ORO, CAMIGUIN",1990,6.6,26.0,300.0
"CALIFORNIA:  S,  CLAREMONT,  COVINA",1990,5.5,5.0,30.0
"PAKISTAN:  KALAT, QUETTA, MASTUNG",1990,6.1,10.0,40.0
"COSTA RICA:  PUNTARENAS, SAN JOSE",1990,7.0,22.0,10.0
PHILIPPINES:  SANTIAGO,1990,5.5,39.0,2.0
CHINA:  S XINJIANG:  WUQIA COUNTY,1990,6.2,33.0,2.0
INDONESIA:  MINAHASSA PENINSULA: BOLAANG-GORONTALO,1990,7.6,26.0,25.0
CHINA:  QINGHAI PROVINCE:  GANGHE-XINGHAI,1990,6.9,8.0,2049.0
ITALY:  POTENZA,1990,5.4,10.0,16.0
PERU:  MOYABAMBA-RIOJO,1990,6.5,24.0,8130.0
"ROMANIA:  BUCHAREST, BRAILA, BRASOV",1990,6.7,89.0,700.0
"PHILIPPINES:  CULASI, PANAY",1990,7.1,18.0,15.0
PAKISTAN:  BALUCHISTAN,1990,6.3,15.0,6.0
"IRAN:  RASHT, QAZVIN, ZANJAN,  RUDBAR, MANJIL",1990,7.7,19.0,105000.0
"INDONESIA:  JAVA:  W, KUNINGAN, MAJALENGA",1990,4.8,14.0,103.0
"PHILIPPINES:  BAGUIO,  CABANATUAN, DAGUPAN",1990,7.8,25.0,3000.0
VANUATU ISLANDS:  ESPIRITU SANTO,1990,6.4,126.0,2.0
"KAZAKHSTAN:  AKKAL, UST",1990,6.1,33.0,8.0
"ECUADOR:  PAMASQUI,  QUITO",1990,4.4,5.0,10.0
SOUTH AFRICA:  WELKOM,1990,4.2,5.0,5.0
SOUTH AFRICA:  CHARLETONVILLE,1990,4.0,5.0,6.0
CHINA:  GANSU PROVINCE:  TIANZHU,1990,5.8,12.0,92.0
"AFGHANISTAN:  HINDU KUSH:  CHITRAL, MARDAN, MALAKAND",1990,6.0,114.0,250.0
"IRAN:  S, DARAB",1990,6.7,11.0,100.0
"INDONESIA:   N SUMATERA, BLANGKEJEREN, KUTACANE",1990,6.8,48.0,32.0
BALKANS NW:  BOSNIA-HERZEGOVINA:  TITOGRAD,1990,5.6,24.0,10.0
ITALY:  SICILY:  CARLENTINI,1990,5.3,11.0,200.0
"TAIWAN:  HUALIEN,  TAIPEI",1990,6.2,12.0,3.0
"GREECE:  EDHESSA, KILKIS",1990,5.9,13.0,60.0
"COSTA RICA:  ALAJUELA, SANTIAGO DE PURISCAL",1990,5.7,17.0,350.0
"AFGHANISTAN:  BADAKHSTAN, BAGHLAN, LAGHMAN, NAGARHAR",1991,6.4,142.0,200.0
CHINA:  S XINJIANG:  KALPIN,1991,6.1,21.0,3.0
"CHINA:  NE, DATONG",1991,5.5,10.0,131.0
"PERU:  RIOJA, NEUVA CAJAMARCA",1991,6.4,21.0,10.0
"PERU:  RIOJA, MOYOBAMBA, NUEVA CAJAMARCA",1991,6.7,20.0,252.0
TURKEY:  ERZURUM PROVINCE,1991,4.5,33.0,3.0
"PANAMA:  CHANGUINOLA, ALMIRANTE, BOCAS DEL TORO",1991,6.2,10.0,36.0
"GEORGIA:  DZHAVA, TSKHINVALI, OSSETIA",1991,6.1,9.0,200.0
"CALIFORNIA:  ARCADIA, GLENDALE, LOS ANGELES",1991,5.1,11.0,104.0
"INDONESIA:  TIMOR:  KALABAHI, DILI",1991,6.5,29.0,181.0
"ROMANIA:  BANLOC, DETA, TIMISOARA",1991,5.6,11.0,30.0
"PERU:  MACA, CHIVAY, YANQUE",1991,4.7,5.0,30.0
"GUATEMALA:  GUATEMALA CITY, PACHUTA, SOLOLA",1991,6.2,5.0,200.0
"INDIA:  CHAMOLI, UTTARKASHI, NEW DELHI, CHANDIGARH",1991,7.0,10.0,1800.0
IRAN:  BEHBAHAN,1991,5.4,39.0,51.0
YEMEN:  WESTERN  ARABIAN PENINSULA,1991,4.7,10.0,40.0
"IRAN:  RUDBAR, RASHT",1991,5.0,16.0,70.0
JAPAN:  HONSHU:  TOKYO,1992,5.6,100.0,37.0
"INDONESIA:  JAWA, BREBES",1992,4.4,58.0,1.0
IRAN:  LORDEGAN ARDAL AREA,1992,4.6,18.0,50.0
TURKEY:  ERZINCAN,1992,6.9,27.0,2000.0
"THE NETHERLANDS: ROERMOND; GERMANY: BONN, HEINSBERG",1992,5.2,21.0,45.0
"CALIFORNIA:  JOSHUA TREE, ANGELUS OAKS",1992,6.3,12.0,32.0
"CALIFORNIA: HUMBOLDT COUNTY: FERNDALE, PETROLIA",1992,7.1,15.0,98.0
"PAKISTAN:  PESHAWAR, KOHAT, SHAKKAR KHEL",1992,6.0,16.0,100.0
"CUBA:  PILON, MANZANILLO",1992,7.0,23.0,40.0
"CALIFORNIA: LANDERS, YUCCA  VALLEY",1992,7.6,1.0,400.0
PAKISTAN:  KALAT,1992,5.5,9.0,200.0
IRAN:  FIRUZABAD,1992,4.7,18.0,11.0
CONGO:  KABALO,1992,7.0,11.0,37.0
EGYPT:  CAIRO,1992,5.3,22.0,6512.0
"COLOMBIA:  MURINDO, CALI",1992,7.0,14.0,20.0
"COLOMBIA:  MURINDO, APARTADO, MEDELLIN",1992,7.4,10.0,115.0
"INDONESIA:  FLORES REGION, MAUMERE, BABI",1992,7.8,28.0,500.0
CHINA:  YUNNAN PROVINCE,1993,5.6,33.0,66.0
FUTUNA ISLAND,1993,6.4,10.0,201.0
CHINA:  TIBET (XIZANG PROVINCE): NGAMRING,1993,6.2,12.0,3.0
"COSTA RICA:  TURRIALBA, CARTAGO",1993,5.8,20.0,9.0
JAPAN:  HOKKAIDO; RUSSIA:  SOUTHEAST; SOUTH KOREA,1993,7.7,17.0,233.0
SUDAN:  KHARTOUM,1993,5.5,13.0,9.0
"GUAM:  TUMAN BAY, APRA HARBOR",1993,7.8,59.0,48.0
GUATEMALA:  SOUTHWEST; MEXICO:  CHIAPAS,1993,7.2,34.0,3.0
"INDIA:  LATUR-OSMANABAD, KILLARI",1993,6.2,7.0,30000.0
PAPUA NEW GUINEA:  EASTERN:  UPPER MARKHAM VALLEY,1993,6.9,25.0,200.0
INDIA:  LATUR,1993,4.6,10.0,25.0
CHINA:  SOUTHERN XINJIANG:  SHUFU,1993,5.6,18.0,4.0
CHINA:  QINGHAI PROVINCE:  GONGHE,1994,5.7,8.0,5.0
CALIFORNIA:  NORTHRIDGE,1994,6.7,18.0,7000.0
INDONESIA:  KAU,1994,7.0,20.0,300.0
"INDONESIA:  SOUTHERN SUMATERA, LIWA, LAMPUNG",1994,6.9,23.0,2000.0
IRAN:  SOUTHERN:  FIRUZABAD,1994,6.1,13.0,50.0
"TAIWAN:  CHI-LUNG, I-LAN, TAIPEI, NAN-AO",1994,6.4,11.0,2.0
"IRAN:  FIRUZABAD, SHIRAZ",1994,5.9,9.0,100.0
RUSSIA:  KURIL ISLANDS; JAPAN:  HOKKAIDO,1994,8.3,14.0,382.0
INDONESIA:  HALMAHERA,1994,6.8,17.0,52.0
PHILIPPINES:  MINDORO,1994,7.1,32.0,225.0
JAPAN:  HONSHU,1994,7.8,27.0,200.0
"CHINA:  GUANGXI PROVINCE, GUANDONG PROVINCE",1994,5.3,33.0,360.0
"JAPAN:  SW HONSHU:  KOBE, AWAJI-SHIMA, NISHINOMIYA",1995,6.9,22.0,36896.0
"COLOMBIA:  CALI, PEREIRA, ARMENIA, CALARCA",1995,6.4,74.0,400.0
"CYPRUS:  PAPHOS, NICOSIA, ARODHES, PERISTERONA",1995,5.9,10.0,5.0
"GREECE:  GREVENA-KOZANI, THESSALONIKI, YUGOSLAVIA",1995,6.6,14.0,25.0
"RUSSIA:  SAKHALIN IS:  NEFTEGORSK, OKHA, MOSKALVO",1995,7.1,11.0,750.0
"GREECE:  AIYION, ERATINI",1995,6.5,14.0,60.0
"CHINA: YUNNAN PROVINCE: LANCANG, MENGLIAN; THAILAND",1995,6.8,13.0,136.0
"CHINA:  GANSU, YONGDENG, BAIYIN, DINGXI, JINGTAI",1995,5.6,13.0,60.0
"CHILE:  ANTOFAGASTA, CALAMA, MEJILLONES",1995,8.0,46.0,58.0
"MEXICO:  GUERRERO, OAXACA, PUEBLA, MEXICO CITY",1995,7.4,23.0,100.0
"TURKEY:   DINAR, EVCILER",1995,6.4,33.0,348.0
ECUADOR:  QUITO,1995,7.0,24.0,5.0
"INDONESIA:  SUMATERA, JAMBI PROVINCE",1995,6.8,33.0,1868.0
"MEXICO:  JALISCO, MANZANILLO, SAN PATRICIO MELAQUE",1995,8.0,33.0,200.0
JAPAN:  RYUKU IS.,1995,7.1,28.0,1.0
CHINA:  YUNNAN PROVINCE:  WUDING,1995,6.2,10.0,800.0
CHINA:  YUNNAN PROVINCE:  LIJIANG,1996,6.6,11.0,17057.0
"INDONESIA:  NEW GUINEA:  IRIAN JAYA:  BIAK, SUPIORI",1996,8.2,33.0,423.0
"CHINA:  S. XINJIANG:   ARTUX, JIASHI, BACHU, KASHI",1996,6.3,28.0,128.0
"CHINA:  NEI MONGOL:  BAOTOU, BEIJING, HOHHOT",1996,6.0,26.0,330.0
"PERU:  CHINCHA ALTA, ACARI, NAZCA, MARCONA",1996,7.7,33.0,560.0
CHINA:  SOUTHERN XINJIANG:  JIASHI COUNTY,1997,5.9,33.0,40.0
"IRAN:  BOJNURD, SHIRVAN, ESFARAYEN",1997,6.5,10.0,1948.0
IRAN:  ARDABIL,1997,6.1,10.0,2600.0
"CHINA:  S. XINJIANG, JIASHI COUNTY, KASHI",1997,5.6,22.0,6.0
"CHINA:  S. XINJIANG, JIASHI COUNTY",1997,5.9,33.0,23.0
"CHINA:  S. XINJIANG, BACHU, SHULE, YINGJISHA",1997,6.2,15.0,89.0
TOBAGO,1997,6.7,5.0,2.0
GUAM,1997,6.5,101.0,4.0
"IRAN:  BIRJAND, GHAEN",1997,7.2,10.0,2300.0
INDIA:  SOUTHERN:  JABALPUR,1997,5.8,36.0,1000.0
VENEZUELA:  CARIACO-CUMANA,1997,7.0,20.0,522.0
SOUTH AFRICA:  AVGOLD'S HARTEBEESTFONTEIN MINE,1997,5.0,5.0,46.0
"ITALY:  CENTRAL:  MARCHE, UMBRIA",1997,6.0,10.0,100.0
"INDONESIA:  SULAWESI, PAREPARE",1997,5.9,33.0,300.0
"CHILE:  PUEBLO NUEVO, COQUIMBO, LA CHIMBA",1997,7.1,58.0,300.0
"INDIA-BANGLADESH:  CHITTAGONG, BANGLADESH",1997,6.1,54.0,200.0
"CHINA:  NORTHEASTERN: SHANGYI-ZHANGBEI, HEBEI",1998,5.7,30.0,11500.0
"GUATEMALA:  QUEZALTENANGO, SAN MARCOS, SOLOLA",1998,6.6,33.0,27.0
AFGHANISTAN:  ROSTAQ; TAJIKISTAN:  DUSHANBE,1998,5.9,33.0,818.0
"AFGHANISTAN-TAJIKISTAN:  YAR HUSAIN, ASTOR",1998,6.4,236.0,11.0
"IRAN:  GOLBAF, BAFT, KERMAN",1998,6.6,9.0,50.0
"IRAN:  BIRJAND, GONABAD",1998,5.8,33.0,10.0
"BOLIVIA:  CENTRAL:  AIQUILE, TOTORA",1998,6.6,24.0,150.0
CHINA:  SOUTHERN XINJIANG,1998,5.6,33.0,28.0
"TURKEY:  ADANA, CEYHAN",1998,6.3,33.0,1500.0
"AZORES:  FAIAL, PICO, TERCEIRA",1998,6.2,10.0,100.0
"TAIWAN:  CHIA-I, TAINAN, HUALIEN, KAO-HSIUNG",1998,5.7,13.0,27.0
"ECUADOR:  BAHIA DE CARAQUEZ, CANOA",1998,7.2,33.0,40.0
CHINA:  SOUTHERN XINJIANG:  JIASHI,1998,6.4,33.0,7.0
"BALKANS NW:  SERBIA:  BELGRADE, LJIG, VALJEVO",1998,5.5,10.0,17.0
IRAN:  SOUTHERN:  BIGHERD-KHONJ,1998,5.4,33.0,105.0
"CHINA:  SICHUAN PROVINCE: HUAPING, LIJIANG, NINGLAG",1998,5.6,33.0,1543.0
"INDONESIA:  MANGOLE, MANADO, TALIABU",1998,7.7,33.0,107.0
CHINA:  YUNNAN PROVINCE  SOUTHEASTERN,1998,4.5,10.0,84.0
"COLOMBIA:  ARMENIA, CALARCA, PEREIRA, CALDAS, HUILA",1999,6.2,17.0,4750.0
"SPAIN:  MULA, PUEBLA DE MULA",1999,4.8,10.0,20.0
"AFGHANISTAN:  LOWGAR, VARDAK, KABUL",1999,6.0,33.0,500.0
CHINA:  NE: ZHANGBEI COUNTY,1999,5.1,33.0,3.0
"INDIA:  CHAMOLI, RUDRAPRAYAG, TEHRI GARHWAL",1999,6.6,15.0,394.0
"PERU:  CAMANA, AREQUIPA",1999,6.8,87.0,50.0
IRAN:  SOUTHERN:  FARS PROVINCE,1999,6.2,33.0,100.0
"AZERBAIJAN:  AGDAS, UCAR, AGALI",1999,5.4,33.0,18.0
"MEXICO:  PUEBLA, VERACRUZ, OAXACA, MORELOS, GUERRERO",1999,7.0,70.0,200.0
GUATEMALA:  IZABAL-PUERTO BARRIOS; HONDURAS:  W,1999,6.7,10.0,40.0
"BANGLADESH:  MAHESHKHALI ISLAND, COX'S BAZAAR",1999,4.2,10.0,200.0
"TURKEY:  ISTANBUL, KOCAELI, SAKARYA",1999,7.6,13.0,50000.0
TURKEY:  IZMIT,1999,5.2,10.0,166.0
GREECE:  ATHENS,1999,6.0,10.0,1600.0
TURKEY:  ADAPAZARI-GOLUCK-KOCAELI,1999,5.8,13.0,422.0
"TAIWAN:  NANTOU, TAICHUNG, TAIZHONG",1999,7.7,33.0,8700.0
MEXICO:  OAXACA,1999,7.5,61.0,215.0
TAIWAN:  CHIA-I,1999,5.9,33.0,254.0
"PERU:  CHUSCHI, CANGALLo, HUANCAPI",1999,4.4,62.0,30.0
CHINA:  SHANXI:  NORTHEASTERN,1999,5.3,10.0,4.0
"TURKEY:  ADAPAZARI, KOCEALI, GOLCUK",1999,5.7,22.0,171.0
"TURKEY:  BOLU-DUZCE-KAYNASLI, ADAPAZARI, ZONGULDAK",1999,7.2,10.0,4948.0
CHINA:  YUNNAN PROVINCE:  CHENGJIANG,1999,4.6,33.0,5.0
VANUATU ISLANDS:  PENTECOST,1999,7.5,33.0,100.0
"TURKEY:  GORESKEN, ERZURUM PROVINCE",1999,5.7,19.0,6.0
"PHILIPPINES:  S LUZON:  MANILA, SANTA CRUZ",1999,7.3,33.0,40.0
"INDONESIA:  PANDEGLANG, W JAWA, SE SUMATERA",1999,6.5,56.0,220.0
ALGERIA:  NORTHERN:  AIN TEMOUCHENT,1999,5.6,10.0,175.0
CHINA:  LIAONING PROVINCE,2000,5.1,10.0,30.0
CHINA:  YUNNAN PROVINCE:  YAOAN COUNTY,2000,5.9,33.0,2528.0
"IRAN:  BARDASKAN, KASHMAR",2000,5.3,33.0,15.0
SOUTH AFRICA; SWAZILAND:  MBABANE-MANZINI,2000,4.5,5.0,1.0
"INDONESIA:  SULAWESI:  LUWUK, BANGGAI, PELENG,",2000,7.6,26.0,264.0
TAIWAN:  TAI-CHUNG COUNTY,2000,5.4,10.0,13.0
"INDONESIA:  SUMATRA:  BENGKULU, ENGGANO",2000,7.9,33.0,2174.0
"TURKEY:  CERKES, CUBUK, ORTA",2000,6.0,10.0,80.0
TAIWAN:  NAN-TOU,2000,6.4,33.0,36.0
"ICELAND:  VESTMANNAEYJAR, HELLA",2000,6.5,10.0,1.0
NICARAGUA:  MASAYA,2000,5.4,33.0,42.0
"INDONESIA: JAWA:BANDUNG,CIBADAK,CIMANDIRI,KADUDAMPIT",2000,5.4,33.0,6.0
JAPAN:  NEAR S COAST HONSHU:  NII-JIMA,2000,6.1,10.0,10.0
"PHILIPPINES:  BASCO, MOUNT IRADA, BATAN ISLANDS",2000,6.4,33.0,6.0
JAPAN:  HONSHU:  S,2000,6.5,10.0,1.0
"RUSSIA:  SAKHALIN ISLAND, UGLEGORSK, MAKAROV",2000,6.8,10.0,8.0
CHINA:  YUNNAN PROVINCE:  WUDING,2000,4.2,33.0,406.0
CALIFORNIA:  NAPA,2000,5.0,10.0,41.0
"TANZANIA:  NKANSI, RUKWA",2000,6.5,34.0,6.0
"JAPAN:  HONSHU:  W:  OKAYAMA, TOTTORI",2000,6.7,10.0,130.0
PANAMA-COLOMBIA:  JURADO,2000,6.5,17.0,2.0
AZERBAIJAN:  BAKU,2000,6.8,50.0,430.0
TURKEY:  AFYON-BOLVADIN,2000,6.0,10.0,41.0
EL SALVADOR:  DAMAGE & INJURIES IN EVERY DEPT.,2001,7.7,60.0,4723.0
"INDIA:  GUJARAT:  BHUJ, AHMADABAD, RAJOKOT; PAKISTAN",2001,7.7,16.0,166836.0
EL SALVADOR: SAN JUAN TEPEZONTES-SAN VICENTE-COJUTEP,2001,6.6,10.0,3399.0
"CHINA:  SICHUAN PROVINCE:  KANGDING, YAJIANG",2001,5.6,33.0,109.0
"WASHINGTON:  OLYMPIA, SEATTLE, TACOMA",2001,6.8,52.0,400.0
"JAPAN:  HIROSHIMA, OKAYAMA, HONSHU, KAGAMA",2001,6.8,50.0,161.0
CHINA:  YUNNAN:  NINGLANG; SICHUAN:  YANYUAN,2001,5.5,33.0,605.0
AFGHANISTAN:  HINDU KUSH:  PARVAN,2001,5.0,62.0,20.0
"PERU:  AREQUIPA, MOQUEGUA, TACNA, AYACUCHO",2001,8.4,33.0,2713.0
TURKEY:  OSMANIYE,2001,5.5,5.0,130.0
"PERU:  AREQUIPA, ARICA",2001,7.6,33.0,30.0
CHINA:  YUNNAN PROVINCE:  JIANGCHUAN,2001,4.3,33.0,2.0
PERU:  ANTABAMA,2001,5.8,33.0,15.0
GUAM,2001,7.0,37.0,1.0
CHINA:  YUNNAN PROVINCE:  YONGSHENG,2001,5.6,10.0,220.0
BANGLADESH:  DHAKA,2001,4.5,10.0,100.0
TAJIKISTAN:  ROGHUN,2002,5.3,33.0,50.0
TURKEY:  AFYON,2002,6.5,5.0,318.0
IRAN:  BAGHAN,2002,5.4,33.0,30.0
PHILIPPINES:  MINDANAO,2002,7.5,31.0,100.0
"AFGHANISTAN:  HINDU KUSH:  BAGHLAN, NAHRIN",2002,6.1,8.0,200.0
TAIWAN:  TAIPEI,2002,7.1,33.0,200.0
TAJIKISTAN; AFGHANISTAN: DO ABI-NAHRIN,2002,5.9,10.0,150.0
"CHILE:  COPIAPO, TALTAL",2002,6.6,62.0,19.0
BALKANS NW:  KOSOVO; MACEDONIA:  N,2002,5.7,10.0,60.0
IRAN:  WESTERN:  KERMANSHAH,2002,5.4,33.0,56.0
GEORGIA:  TBILISI,2002,4.3,10.0,52.0
GUAM,2002,7.1,86.0,5.0
"ARGENTINA:  AMINGA, ANILLACO, AGUA BLANCA, CHUQUIS",2002,6.0,22.0,27.0
"BANGLADESH:  RANGPUR, THAKURGAON, ALMANAGAR",2002,4.5,40.0,55.0
IRAN:  AB GARM-ABHAR-AVAJ-SHIRIN SU,2002,6.5,10.0,1300.0
"PANAMA:  BARU, ALANJE, DAVID; COSTA RICA:  LAUREL",2002,6.5,10.0,11.0
ITALY:  SICILY:  PALERMO,2002,6.0,5.0,20.0
"PAPUA NEW GUINEA:  KAIRIRU IS, MUSCHU IS, WEWAK",2002,7.6,13.0,70.0
"UNITED KINGDOM:  MANSFIELD, DUDLEY",2002,4.8,9.0,1.0
MEXICO:  ACAPULCO,2002,5.3,6.0,2.0
IRAN:  MASJED-E SOLEYMAN,2002,5.6,10.0,5.0
"INDONESIA: NEW GUINEA: MANOKWARI, ORANSBARI, RANSIKI",2002,7.6,10.0,632.0
ITALY:  SICILY:  SANTA VENERINA,2002,4.3,10.0,9.0
"ITALY:  SAN GUILIANO DI PUGLIA, CAMPOBASSO",2002,5.7,10.0,135.0
PAKISTAN:  GILGIT,2002,5.4,33.0,40.0
INDONESIA:  SUMATERA:  SIMEULUE,2002,7.3,30.0,65.0
"ALASKA:  SLANA, MENTASTA LAKE, FAIRBANKS",2002,7.9,5.0,1.0
"PAKISTAN:  DASHKIN, DOIAN, MUSHKIN",2002,6.3,33.0,40.0
VANUATU ISLANDS: MERE LAVA ISLAND,2002,5.9,33.0,3.0
"GREECE:  MEGALOPOLIS, VARTHOLOMION",2002,5.7,10.0,17.0
IRAN:  KERMANSHAH,2002,5.2,33.0,15.0
"MEXICO:  VILLA DE ALVAREZ, COLIMA, TECOMAN, JALISCO",2003,7.5,24.0,300.0
INDONESIA:  SUMBAWA ISLAND:  DOMPU,2003,5.5,33.0,2.0
CHINA:  S. XINJIANG:  BACHU,2003,6.3,11.0,4000.0
INDONESIA:  FLORES:  REO,2003,6.5,33.0,20.0
"TURKEY:  IZMIR, SEFERIHISAR",2003,5.7,10.0,90.0
TURKEY:  BINGOL,2003,6.4,10.0,521.0
CHINA:  S. XINJIANG:  YOPURGA,2003,5.8,10.0,3.0
"ALGERIA:  ALGIERS, BOUMERDES, REGHIA, THENIA",2003,6.8,12.0,10261.0
"JAPAN:  HONSHU:  IWATE, MIYAGI, YAMAGATA, AKITA",2003,7.0,68.0,143.0
"INDONESIA:  MOROTAI, BEREBERE, DARUBA",2003,7.0,31.0,7.0
"ALGERIA:  ALGIERS, BOUMERDES, REGHAIA",2003,5.7,8.0,200.0
"CHILE:  OVALLE, COQUIMBO; ARGENTINA:  SAN JUAN",2003,6.8,33.0,1.0
IRAN:  SOUTHERN: GAJJIABAD,2003,5.8,10.0,25.0
CHINA:  YUNNAN PROVINCE,2003,5.9,10.0,584.0
"JAPAN:  HONSHU:  MIYAGI, IWATE",2003,5.5,10.0,569.0
TURKEY:  WESTERN:  BULDAN,2003,5.4,10.0,10.0
BANGLADESH:  RANGAMATI,2003,5.7,10.0,25.0
"GREECE:  LEFKADA, PREVEZA",2003,6.3,10.0,50.0
"CHINA:  NEI MONGOL:  LINDONG, TIANSHAN",2003,5.4,24.0,1000.0
JAPAN:  HONSHU:  TOKYO,2003,5.7,52.0,7.0
"DOMINICAN REPUBLIC:  PUERTO PLATA, SANTIAGO",2003,6.4,10.0,15.0
JAPAN:  HOKKAIDO,2003,8.3,27.0,755.0
"RUSSIA:  KOSH-AGACH, UST'-ULAGAN, ONGUDAI, SHEBALINO",2003,7.3,16.0,5.0
CHINA:  YUNNAN PROVINCE:  DAYAO,2003,5.6,33.0,32.0
"CHINA:  GANSU PROVINCE:  MINLE, SHANDAN",2003,5.8,10.0,43.0
"CHINA:  GANSU PROVINCE:  JONE, LINTAN, MINXIAN",2003,5.1,10.0,30.0
"CHINA:  YUNNAN PROVINCE:  LUDIAN, ZHAOTONG",2003,5.6,33.0,65.0
PHILIPPINES:  SAMAR:  CAN-AVID,2003,6.5,35.0,21.0
CHINA:  YUNNAN PROVINCE:  LUDIAN,2003,4.7,33.0,4.0
CHINA:  XINJIANG:  ZHAOSU,2003,6.0,10.0,47.0
"TAIWAN:  T'AI-TUNG, KAO-HSIUN",2003,6.8,10.0,1.0
IRAN:  WESTERN:  MASJED-E- SOLEYMAN,2003,5.0,33.0,5.0
"CALIFORNIA:  PASO ROBLES,TEMPLETON,ATASCADERO",2003,6.6,8.0,40.0
PANAMA-COSTA RICA:  PUERTO ARMUELLES,2003,6.5,33.0,75.0
"IRAN:  SOUTHEASTERN:  BAM, BARAVAT",2003,6.6,10.0,30000.0
"INDONESIA:  BALI, LOMBOK",2004,5.8,45.0,29.0
"ALGERIA:  NORTHERN:  ALGIERS, BOUMERDES",2004,4.4,10.0,300.0
PANAMA-COSTA RICA:  CHIRIQUI,2004,6.1,29.0,4.0
INDONESIA:  NABIRE,2004,7.0,17.0,682.0
"JORDAN:  MA'IN; ISRAEL:  JERUSALEM, PETAH-TIQWA",2004,5.3,27.0,4.0
"PAKISTAN:  BALAKOT, BATGRAM, MANSEHRA",2004,5.4,11.0,40.0
INDONESIA:  SUMATRA:  PADANGPANJANG,2004,5.1,56.0,7.0
INDONESIA:  SUMATRA:  PESISIR SELATAN,2004,6.0,42.0,1.0
"MOROCCO:  AL HOCEIMA, IMZOURENE, BENI ABDALLAH",2004,6.4,0.0,926.0
"CHINA:  NEI MONGOL:  BAYAN UL HOT, ULIASTAI",2004,5.4,19.0,100.0
TURKEY:  ASKALE,2004,5.6,5.0,12.0
"AFGHANISTAN:  HINDU KUSH:  KABUL, SAMANGAN; PAKISTAN",2004,6.5,187.0,5.0
TAIWAN:  HUALIEN: TAROKO GORGE NATIONAL PARK,2004,5.2,45.0,1.0
PAKISTAN:  QUETTA,2004,4.5,10.0,30.0
"IRAN:  MAZANDARAN, QAZVIN, TEHRAN",2004,6.3,17.0,400.0
TURKEY:  DOGUBEYAZIT,2004,5.1,5.0,21.0
"SLOVENIA: BOVEC, KOBARID",2004,5.2,8.0,5.0
"NEW ZEALAND:  NORTH ISLAND:  ROTORUA, TAURANGA",2004,5.4,5.0,2.0
AFGHANISTAN: PAKTIA PROVINCE,2004,5.2,10.0,40.0
TURKEY:  DOGUBEYAZIT,2004,4.0,5.0,5.0
TURKEY:  BODRUM,2004,5.6,10.0,15.0
CHINA:  YUNNAN PROVINCE:  LUDIAN,2004,5.4,6.0,600.0
"TURKEY:  ELAZIG, SIVRICE",2004,5.7,7.0,11.0
JAPAN:  HONSHU:  W COAST: KYOTO,2004,7.2,14.0,4.0
"JAPAN:  HONSHU:  W COAST: KYOTO, WAKAYAMA, SAKAI",2004,7.4,10.0,40.0
CHINA:  GANSU PROVINCE,2004,5.2,10.0,19.0
"POLAND: SUWALKI; RUSSIA: KALININGRAD, SVETLOGORSK",2004,4.8,10.0,3.0
IRAN:  GOLESTAN,2004,5.6,35.0,60.0
CHINA:  YUNNAN PROVINCE:  BAOSHAN,2004,4.4,30.0,12.0
JAPAN:  HONSHU:  NIIGATA PREFECTURE,2004,6.6,16.0,3183.0
JAPAN:  HONSHU:  NIIGATA PREFECTURE,2004,5.9,14.0,5.0
JAPAN:  HONSHU:  NIIGATA PREFECTURE,2004,5.5,10.0,8.0
INDONESIA:  KEPULAUAN ALOR,2004,7.5,10.0,400.0
"COLOMBIA:  BAJO BAUDO, BUENAVENTURA, CERRITO",2004,7.2,15.0,10.0
"GUADELOUPE:  BASSE-TERRE, LES SAINTES",2004,6.3,14.0,12.0
ITALY:  NORTHERN:  BRESCIA,2004,5.1,17.0,9.0
INDONESIA:  NABIRE,2004,7.1,10.0,130.0
"JAPAN:  HOKKAIDO:  BEKKAI, KUSHIRO, NEMOURO",2004,7.0,39.0,24.0
ALGERIA:  BOUMERDAS,2004,4.5,10.0,15.0
ALGERIA:  ZEMMOURI,2004,4.5,10.0,46.0
JAPAN:  HOKKAIDO:  KUSHIRO,2004,6.8,35.0,4.0
"JAPAN:  HOKKAIDO:  OBIRO, HABORO, TOMAMAE",2004,5.8,10.0,3.0
TURKEY:  MARMARIS,2004,5.4,5.0,3.0
IRAN:  GORGAN,2005,5.4,32.0,110.0
INDONESIA:  SULAWESI:  PALU,2005,6.3,11.0,4.0
CHINA:  YUNNAN PROVINCE:  SIMAO,2005,4.8,12.0,3.0
TURKEY:  HAKKARI,2005,5.9,41.0,22.0
IRAN:  KERMAN PROVINCE:  ZARAND,2005,6.4,14.0,1411.0
PAKISTAN:  QUETTA,2005,4.9,52.0,1.0
"SOUTH AFRICA:  KLERKSDORP, STILFONTEIN",2005,4.3,5.0,58.0
"TURKEY:  CAT, KARLIOVA",2005,5.6,11.0,16.0
TURKEY:  EASTERN:  BINGOL PROVINCE,2005,5.8,5.0,18.0
"INDIA:  MAHARASHTRA:  KOLHAPUR, RATNAGIRI, SATARA",2005,4.9,10.0,45.0
"JAPAN:  KYUSHU:  FUKUOKA, GENKAI",2005,6.6,10.0,500.0
INDONESIA:  SUMATERA:  SW,2005,8.6,30.0,340.0
CHILE:  TARAPACA,2005,7.7,116.0,200.0
JAPAN:  HONSHU:  TOKYO,2005,5.9,61.0,27.0
CHINA:  DAQING,2005,4.7,48.0,12.0
CHINA:  YUNNAN PROVINCE:  HUIZE,2005,4.8,42.0,9.0
CHINA:  YUNNAN PROVINCE:  WENSHAN,2005,4.5,10.0,26.0
JAPAN:  EAST COAST HONSHU,2005,7.2,36.0,56.0
"PERU:  LAMAS, CHACHAPOYAS, MOYOBAMBA, TARAPOTA",2005,7.5,115.0,60.0
PERU:  MOQUEGUA,2005,5.3,20.0,10.0
"PAKISTAN:  MUZAFFARABAD, URI, ANANTNAG, BARAMULA",2005,7.6,26.0,146599.0
TURKEY:  IZMIR,2005,5.9,10.0,15.0
CHINA:  GUANGXI PROVINCE,2005,4.2,10.0,1.0
"CHINA:  JIANGXI:  JIUJIANG, RUICHANG",2005,5.2,10.0,8000.0
"IRAN:  QESHM, ZIRANG",2005,6.0,10.0,100.0
"AFGHANISTAN:  TILI, JALALABAD, BADAKHSHAN",2005,6.5,225.0,1.0
"INDIA:  JAUSARI, CHAMOLI, NANDPRAYAG",2005,5.3,44.0,4.0
GREECE:  SOUTHERN,2006,6.7,66.0,3.0
INDIA:  SIKKIM,2006,5.3,30.0,2.0
GREECE-BULGARIA BORDER REGION,2006,4.6,10.0,2.0
MOZAMBIQUE,2006,7.0,11.0,36.0
IRAN:  SOUTHERN,2006,6.0,18.0,6.0
INDIA:  GUJARAT,2006,5.5,10.0,7.0
PAKISTAN:  MIRPUR DISTRICT,2006,4.9,10.0,22.0
ALGERIA:  NORTHERN,2006,4.9,10.0,9.0
IRAN:  SOUTHERN,2006,5.9,18.0,1.0
"IRAN:  WESTERN:  BORUJERD, DORUD",2006,6.1,7.0,1300.0
TAIWAN:  T'AIT-TUNG,2006,6.2,9.0,42.0
PAKISTAN:  BATGRAM,2006,4.8,10.0,28.0
RUSSIA:  KORYAKSKIY,2006,7.6,22.0,40.0
TONGA ISLANDS,2006,7.9,55.0,1.0
IRAN:  ZARAND,2006,4.1,14.0,70.0
"INDONESIA:   JAVA:  BANTUL, YOGYAKARTA",2006,6.3,13.0,38568.0
IRAN:  SOUTHERN:  QESHM,2006,5.1,5.0,4.0
JAPAN:  KYUSHU,2006,6.3,140.0,8.0
ALBANIA:  TEPELENE,2006,4.5,10.0,1.0
CHINA:  GANSU PROVINCE,2006,4.5,24.0,5.0
CHINA:  YANJIN,2006,4.9,56.0,106.0
TAJIKISTAN:  PANJ-QUMSANGIR,2006,5.6,34.0,19.0
CHINA:  SICHUAN PROVINCE,2006,4.6,22.0,31.0
TRINIDAD:  PORT-OF-SPAIN,2006,6.1,53.0,3.0
INDONESIA:  SUMABAWA:  BIMA,2006,6.3,43.0,14.0
"INDONESIA:  SUMATERA:  NORTHERN, MUARASIPONGI",2006,5.8,30.0,100.0
TAIWAN:  PINGTUNG,2006,7.0,10.0,40.0
TURKEY:  E,2007,5.1,3.0,2.0
INDONESIA:  MOLUCCA ISLANDS:  N,2007,7.5,22.0,4.0
INDONESIA:  SUMATRA:  SOUTHERN,2007,6.4,19.0,826.0
"COLOMBIA:  CAUCA, SOTARA, PURACE,",2007,5.0,43.0,9.0
IRAN:  WESTERN:  DORUD,2007,4.7,16.0,35.0
JAPAN:  HONSHU:  W COAST,2007,6.7,8.0,150.0
JAPAN:  HONSHU:  W,2007,4.6,16.0,12.0
UNITED KINGDOM:  ENGLAND:  FOLKESTONE,2007,4.6,10.0,1.0
CHINA:  YUNNAN PROVINCE:  NING'ER,2007,6.1,5.0,329.0
JAPAN:  HONSHU:  W COAST,2007,6.6,10.0,1088.0
"INDIA:  UTTARKASHI, CHAMOLI, MUZAFFARNAGAR",2007,4.3,19.0,3.0
RUSSIA:  TATAR STRAIT,2007,6.2,5.0,12.0
"PERU:  ICA, PISCO, LIMA",2007,8.0,39.0,1090.0
UTAH,2007,1.6,0.0,6.0
"IRAN:  HADJI ABAD, ORZUIYEH",2007,5.0,10.0,4.0
INDONESIA:  SITUBONDO,2007,4.8,35.0,13.0
"COLOMBIA:  NARINO, EL CHARCO, ISCUANDE, LA TOLA",2007,6.8,31.0,5.0
INDONESIA:  SUMATRA,2007,8.4,34.0,161.0
PAKISTAN:  GHANCHE,2007,4.8,10.0,12.0
INDIA:  GUJARAT,2007,5.1,10.0,5.0
"BANGLADESH:  CHITTAGONG, BANDARBAN, RANGAMATI",2007,5.1,29.0,10.0
"CHILE:  TOCOPILLA, MARIA ELENA",2007,7.7,40.0,65.0
"IRAN:  WESTERN:  QAL' EH-YE TOL, KHUZESTAN",2007,4.8,7.0,30.0
MARTINIQUE,2007,7.4,156.0,102.0
BRAZIL:  MINAS GERAIS,2007,4.6,10.0,6.0
"CHILE:  OFF CENTRAL COAST, VINA DEL MAR, VALPARAISO",2007,5.9,25.0,4.0
"INDONESIA: NEW GUINEA: MANOKWARI,",2008,5.9,12.0,6.0
INDONESIA:  SUMATRA:  NIAS ISLAND:  GUNUNGSITOLI,2008,6.1,20.0,5.0
CONGO:  BUKAVU,2008,5.9,10.0,717.0
INDIA:  WEST BENGAL,2008,4.3,10.0,50.0
IRAN:  NASIRABAD,2008,4.9,14.0,10.0
RWANDA:  GISENYI,2008,4.9,10.0,109.0
LEBANON-SYRIA:  BAALBEC,2008,5.0,10.0,10.0
INDONESIA:  SUMATERA:  ACEH PROVINCE,2008,7.4,26.0,25.0
NEVADA:  WELLS,2008,6.0,7.0,3.0
UNITED KINGDOM:  ENGLAND:  LINCOLNSHIRE,2008,4.8,18.0,1.0
PERU:  OFF COAST,2008,5.3,51.0,1.0
"IRAN:  LORESTAN, BOROUJERD",2008,4.5,16.0,100.0
JAPAN:  HONSHU:  E COAST,2008,6.8,39.0,6.0
CHINA:  SICHUAN PROVINCE,2008,7.9,19.0,374171.0
CHINA:  SICHUAN PROVINCE,2008,6.0,10.0,927.0
ICELAND: REYKJAVIK,2008,6.3,10.0,30.0
ALGERIA:  ORAN,2008,5.5,4.0,30.0
INDIA:  MANPUR,2008,3.8,11.0,2.0
"GREECE:  ACHAIA, ILEIA",2008,6.3,16.0,240.0
JAPAN:  HONSHU:  TOKYO,2008,6.9,8.0,357.0
"PERU:  CENTRAL:  OXAPAMPA, HUANCABAMBA",2008,5.5,33.0,45.0
JAPAN:  HONSHU:  N,2008,6.8,108.0,200.0
CHINA:  SICHUAN PROVINCE,2008,5.6,10.0,17.0
CALIFORNIA:  LOS ANGELES,2008,5.4,15.0,8.0
CHINA:  SICHUAN PROVINCE,2008,5.7,7.0,231.0
CHINA:  SICHUAN PROVINCE,2008,6.0,6.0,29.0
CHINA:  YUNNAN PROVINCE,2008,6.0,1.0,127.0
CHINA:  SICHUAN PROVINCE,2008,5.9,17.0,589.0
IRAN:  HORMOZGAN PROVINCE,2008,6.1,12.0,45.0
INDIA:  MAHARASHTRA,2008,5.0,10.0,20.0
KYRGYZSTAN: NURA,2008,6.6,27.0,140.0
CHINA:  TIBET (XIZANG PROVINCE),2008,6.3,12.0,19.0
RUSSIA:  CAUCASUS:  CHECHNYA,2008,5.7,16.0,100.0
PAKISTAN:  QUETTA,2008,6.4,15.0,370.0
PAKISTAN:  ZIARAT,2008,6.4,14.0,1.0
CHINA:  QINGHAI PROVINCE,2008,6.3,19.0,3.0
INDONESIA:  MINAHASSA PENINSULA,2008,7.3,30.0,77.0
IRAN:  S,2008,5.4,15.0,5.0
CHINA:  SICHUAN PROVINCE,2008,4.5,25.0,3.0
CHINA:  YUNNAN PROVINCE:  SIMAO,2008,4.8,35.0,19.0
MYANMAR (BURMA),2008,4.7,35.0,19.0
PAPUA NEW GUINEA:  NEAR NORTH COAST,2009,7.6,17.0,250.0
COSTA RICA:  LA PAZ,2009,6.1,14.0,100.0
INDONESIA:  KEPULAUAN TALAUD,2009,7.2,22.0,64.0
PAKISTAN; INDIA:  KASHMIR,2009,5.4,10.0,44.0
INDIA:  CHAIBASA,2009,4.1,10.0,5.0
ITALY:  L'AQUILA,2009,6.3,9.0,1500.0
INDIA:  JAISALMER,2009,5.2,44.0,6.0
AFGHANISTAN:  NANGARHAR,2009,5.4,6.0,51.0
SAUDI ARABIA: WESTERN,2009,5.7,2.0,7.0
HONDURAS:  NORTHERN; BELIZE,2009,7.3,10.0,40.0
VANUATU ISLANDS:  TONGOA,2009,5.7,13.0,10.0
VANUATU ISLANDS:  TONGOA,2009,6.3,15.0,4.0
PANAMA: PANAMA CITY,2009,6.0,38.0,32.0
CHINA:  YUNNAN PROVINCE:  YAOAN COUNTY,2009,5.7,7.0,336.0
CHINA:  CHONGQING PROVINCE:  RONGCHANG,2009,3.4,10.0,1.0
JAPAN:  HONSHU:  S COAST,2009,6.4,40.0,123.0
INDONESIA:  SUMATRA:  PADANG,2009,6.7,20.0,9.0
INDONESIA:  JAVA,2009,7.0,46.0,1297.0
GEORGIA:  NORTHWESTERN,2009,6.0,15.0,1.0
VENEZUELA:  CARABOBO,2009,6.3,10.0,18.0
"PHILIPPINES:  COTABATO, SULTAN KUDARAT",2009,5.7,10.0,91.0
INDONESIA:  BALI:  DENPASAR,2009,5.7,79.0,7.0
INDONESIA:  SUMATRA:  PADANG,2009,7.5,81.0,1214.0
CHINA:  YUNNAN PROVINCE,2009,4.9,25.0,28.0
IRAN:  BANDAR ABBAS,2009,5.1,14.0,269.0
INDONESIA:  SUMABAWA:  BIMA,2009,6.6,18.0,200.0
SOUTH AFRICA:  CARLETONVILLE,2009,3.5,2.0,3.0
MALAWI:  KARONGA,2009,5.9,8.0,15.0
JAPAN:  HONSHU:  ITO,2009,4.9,7.0,7.0
TAIWAN:  HUALIEN,2009,6.4,57.0,14.0
MALAWI:  KARONGA,2009,6.0,6.0,250.0
BHUTAN:  DAMETSI,2009,5.2,10.0,2.0
INDONESIA:  JAVA:  GARUT,2010,5.1,65.0,2.0
CALIFORNIA:  OFF COAST NORTHERN,2010,6.5,29.0,30.0
HAITI:  PORT-AU-PRINCE,2010,7.0,13.0,30000.0
VENEZUELA:  CARIACO,2010,5.5,8.0,11.0
CHINA:  GUIZHOU PROVINCE,2010,4.4,27.0,9.0
CHINA:  SICHUAN PROVINCE: MOXI,2010,4.7,10.0,15.0
CHINA:  YUNNAN PROVINCE,2010,4.8,36.0,11.0
"JAPAN:  TORI SHIMA, OKINAWA",2010,7.0,25.0,2.0
"CHILE:  MAULE, CONCEPCION, TALCAHUANO",2010,8.8,23.0,12000.0
ARGENTINA:  SALTA,2010,6.3,10.0,2.0
TAIWAN:  KAO-HSIUNG,2010,6.3,21.0,96.0
"TURKEY:  ELAZIG PROVINCE:  OKCULAR, YUKARI DEMIRCI",2010,6.1,12.0,100.0
INDIA: ANDAMAN ISLANDS:  DIGLIPUR,2010,6.7,34.0,10.0
MEXICO:  BAJA CALIFORNIA,2010,7.2,4.0,233.0
CHINA:  QINGHAI PROVINCE:  YUSHU,2010,6.9,17.0,12135.0
AFGHANISTAN:  SAMANGAN PROVINCE,2010,5.6,13.0,70.0
AUSTRALIA:  KALGOORLIE,2010,5.2,0.0,3.0
PERU:  TACNA,2010,6.2,37.0,11.0
ALGERIA:  NORTHERN:  BENI YELLMAN,2010,5.2,2.0,43.0
IRAN:  FARSINAJ,2010,5.8,10.0,32.0
IRAN:  TORBET-I-HEYDARIYEH,2010,5.4,24.0,274.0
IRAN:  DAMGHAN-TORUD,2010,5.7,7.0,200.0
"CHINA:  SICHUAN PROVINCE: NINGANG, ZIAOJIA",2010,4.9,35.0,14.0
NEW ZEALAND:  CHRISTCHURCH,2010,7.0,12.0,2.0
IRAN:  SHIRAZ,2010,5.8,27.0,3.0
"PAKISTAN:  KHANPUR, HARIPUR",2010,5.2,33.0,15.0
BALKANS NW: SERBIA:  KRALJEVO,2010,5.5,1.0,100.0
IRAN:  DORUD-RAZAN,2010,4.9,5.0,104.0
PAKISTAN:  QUETTA,2010,4.7,27.0,12.0
IRAN:  KERMAN,2010,6.5,12.0,25.0
IRAN:  FARS PROVINCE,2011,4.5,24.0,16.0
CHINA:  YUNNAN PROVINCE:  PINGYUAN,2011,4.8,31.0,1.0
"NEW ZEALAND:  CHRISTCHURCH, LYTTELTON",2011,6.1,6.0,1500.0
CHINA:  YUNNAN PROVINCE:  PINGYUAN,2011,5.5,26.0,250.0
JAPAN:  HONSHU,2011,9.1,30.0,6152.0
MYANMAR:  TACHILEK,2011,6.8,8.0,123.0
JAPAN: NEAR E COAST HONSHU,2011,7.1,42.0,132.0
INDONESIA:   SULAWESI:  KENDARI,2011,6.1,8.0,14.0
TURKEY:  SIMAV,2011,4.3,7.0,125.0
CHINA:  XINJIANG PROVINCE:  DABANCHENG,2011,5.3,21.0,8.0
NEW ZEALAND:  SOUTH ISLAND:  CANTERBURY,2011,6.0,6.0,45.0
CHINA:  YUNNAN PROVINCE:  BAOSHAN,2011,5.3,39.0,4.0
"UZBEKISTAN:  FARGONA, VIOLYATI",2011,6.1,20.0,86.0
"CHINA:  XINJIANG PROVINCE:  SOUTHERN, KASHI",2011,5.7,10.0,21.0
INDIA:  DELHI,2011,4.3,10.0,1.0
INDIA:  SIKKIM,2011,6.9,50.0,177.0
INDIA:  GUJARAT,2011,5.0,10.0,34.0
"TURKEY:  ERCIS, VAN",2011,7.1,16.0,2608.0
PERU:  SAN VICENTE DE CANETE,2011,6.9,24.0,103.0
OKLAHOMA:  SPARKS,2011,5.7,5.0,2.0
PHILIPPINES:  MINDANAO:  BUKIDNON PROVINCE,2011,5.0,46.0,31.0
MEXICO:  GUERRERO,2011,6.4,54.0,5.0
NEW ZEALAND:  SOUTH ISLAND:  CHRISTCHURCH,2011,5.8,10.0,60.0
IRAN:  KHORASAN-E-RAZAVI,2012,5.3,8.0,238.0
PERU:  ICA,2012,6.4,43.0,119.0
PHILIPPINES:  NEGROS ORIENTAL PROVINCE,2012,6.7,11.0,112.0
IRAN:  RAVAR,2012,5.2,10.0,6.0
PHILIPPINES:  MASBATE ISLAND,2012,5.6,37.0,10.0
PHILIPPINES:  SURIGAO,2012,5.8,18.0,55.0
"MEXICO:  GUERRERO, OAXACA",2012,7.4,20.0,13.0
"CHILE:  PARRAL, SANTIAGO",2012,7.2,41.0,14.0
INDONESIA:  N SUMATRA:  OFF WEST COAST,2012,8.6,20.0,12.0
"IRAN:  MOURMOURI, ABDANAN, DEHLORAN",2012,5.4,10.0,8.0
AZERBAIJAN:  ZAGATALA,2012,5.7,11.0,50.0
"INDIA:  ASSAM:  KAMRUP, GUWAHATI",2012,5.4,43.0,2.0
"ITALY:  EMILIA ROMAGNA:  MEDOLLA, MIRANDOLA, CAVEZZO",2012,5.9,10.0,350.0
INDONESIA:  JAVA,2012,5.8,50.0,2.0
TURKEY:  FETHIYE; GREECE:  RHODES,2012,6.1,35.0,6.0
AFGHANISTAN:  HINDU KUSH,2012,5.8,16.0,13.0
TURKEY:  SIRNAK,2012,5.3,5.0,23.0
CHINA:  YUNNAN AND SICHUAN PROVINCES,2012,5.5,10.0,394.0
CHINA:  XINJIANG PROVINCE,2012,6.3,18.0,52.0
CHINA:  JIANGSU PROVINCE,2012,4.9,10.0,2.0
"IRAN:  AHAR, HARIS, VARZAGAN",2012,6.5,11.0,3000.0
"INDONESIA:  SULAWESI:  SIGI, PARIGI MOUNTONG",2012,6.3,10.0,43.0
"PHILIPPINES:  CAGAYAN DE ORO, TACLOBAN",2012,7.6,28.0,1.0
COSTA RICA:  NICOYA,2012,7.6,35.0,20.0
CHINA: YUNNAN PROVINCE:  ZHAOTONG:  YILIANG,2012,5.6,10.0,821.0
"GUATEMALA:  SAN MARCOS, SAN CRISTOBAL COCHU",2012,7.3,24.0,155.0
MYANMAR (BURMA):  SHWEBO,2012,6.8,14.0,230.0
IRAN:  KHORASAN PROVINCE,2012,5.7,14.0,12.0
JAPAN:  HONSHU:  MIYAGI PREFECTURE,2012,7.2,31.0,11.0
INDONESIA:  SUMATERA:  N,2013,6.1,12.0,15.0
"COLOMBIA:  CAUCA, NARINO, VALLE DEL CAUCA, RISARALDA",2013,7.0,145.0,15.0
CHINA:  YUNNAN PROVINCE:  QIAOJIA,2013,4.9,10.0,8.0
CHINA:  YUNNAN PROVINCE,2013,5.4,8.0,30.0
"TAIWAN:  NANTOU COUNTY, TAIPEI",2013,6.0,19.0,86.0
"IRAN:  BUSHEHR PROVINCE:  SHANBE, KAKI, SENA",2013,6.3,12.0,850.0
JAPAN,2013,5.8,14.0,24.0
IRAN; PAKISTAN:  MASHKAL,2013,7.7,80.0,300.0
JAPAN: MIYAKEJIMA,2013,5.8,9.0,3.0
TEXAS:  WEST,2013,2.1,0.0,200.0
CHINA:  SICHUAN PROVINCE:  LONGMEN,2013,6.6,14.0,11470.0
AFGHANISTAN:  KAMA,2013,5.5,64.0,141.0
"INDIA:  KASHMIR:  DODA, KISHTWAR, RAMBAN",2013,5.7,15.0,90.0
IRAN:  HORMOZGAN: BASHAGARD,2013,6.1,15.0,20.0
ALGERIA:  ALGIERS,2013,4.9,7.0,5.0
"PHILIPPINES:  N. COTABATO:  KIMADZIL, KIBUGTONGAN",2013,5.7,10.0,33.0
TAIWAN:  JENAI,2013,6.3,17.0,21.0
INDONESIA:  LOMBOK ISLAND,2013,5.1,47.0,50.0
INDONESIA:  BANDA ACEH,2013,6.1,13.0,2500.0
INDONESIA:  JAVA,2013,5.7,60.0,1.0
ALGERIA:  HAMMAM MELOUANE,2013,4.8,10.0,11.0
NEW ZEALAND:  COOK STRAIT,2013,6.5,17.0,5.0
"CHINA:   GANSU:  DINGXI, MIN",2013,6.0,8.0,1001.0
MEXICO:  ACAPULCO,2013,6.2,12.0,1.0
CHINA:  YUNNAN PROVINCE:  BENZILAN,2013,5.8,10.0,24.0
"GUATEMALA:  COATEPEQUE, QUETZALTENANGO",2013,6.6,67.0,11.0
"PAKISTAN:  AWARAN, KECH",2013,7.7,15.0,816.0
GREECE:  CRETE:  CHANIA,2013,6.4,36.0,1.0
"PHILIPPINES:  BOHOL, CEBU",2013,7.1,20.0,583.0
INDONESIA:  BANDA ACEH,2013,5.3,48.0,2.0
JAPAN:  HONSHU:  E COAST,2013,7.1,26.0,1.0
IRAN:  BORAZJAN,2013,5.6,16.0,190.0
IRAN:  BASTAK,2014,5.3,8.0,30.0
GREECE:  KEFALONIA,2014,6.1,12.0,6.0
GREECE:  KEFALONIA:  LIXOURION,2014,6.1,14.0,16.0
JAPAN:  SOUTHWESTERN,2014,6.3,79.0,18.0
CHINA:  YUNNAN PROVINCE:  XILUODU,2014,5.4,26.0,21.0
"NICARAGUA:  NAGAROTE, MANAGUA",2014,6.1,13.0,250.0
PAKISTAN:  NAWABSHAH,2014,4.5,15.0,70.0
"GREECE, TURKEY",2014,6.9,10.0,266.0
CHINA:  YUNNAN PROVINCE:  YINGJIANG,2014,5.9,10.0,45.0
MEXICO; GUATEMALA:  SAN MARCOS,2014,6.9,60.0,33.0
JAPAN:  SANRIKU,2014,6.5,11.0,3.0
MEXICO:  OAXACA,2014,6.3,95.0,1.0
ALGERIA:  ALGIERS,2014,5.6,10.0,420.0
"CHINA:  YUNNAN:  LUDIAN:   LONGTOUSHAN, ZHAOTONG",2014,6.1,10.0,2400.0
SOUTH AFRICA,2014,5.3,10.0,2.0
ECUADOR:  QUITO,2014,5.1,5.0,8.0
CHINA:  YUNNAN PROVINCE:  YONGSHAN,2014,5.1,10.0,6.0
IRAN:  ABDANAN,2014,6.2,10.0,60.0
"CALIFORNIA:  NAPA, VALLEJO",2014,6.0,11.0,172.0
PERU:  PACCHA,2014,4.9,43.0,5.0
CHINA:   YUNNAN PROVINCE:  YONGPING,2014,6.0,11.0,323.0
CHINA:  SICHUAN PROVINCE:  KANGDING,2014,5.9,15.0,15.0
"JAPAN:  NAGANO:  HAKUBA, OTARI",2014,6.2,10.0,41.0
CHINA:  YUNNAN PROVINCE:  YONGPING,2014,5.6,11.0,15.0
BALKANS NW:  BOSNIA-HERZEGOVINA:,2015,3.4,7.0,1.0
PAKISTAN:  BATTAGRAM,2015,5.4,29.0,5.0
CHINA:  ANHUI PROVINCE:  FUYANG,2015,4.7,10.0,13.0
TAIWAN:  TAIPEI,2015,6.4,29.0,1.0
NEPAL:   KATHMANDU,2015,7.8,15.0,17866.0
NEPAL:   DOLAKHA,2015,7.3,15.0,2800.0
INDIA:  KOKRAJHAR,2015,5.1,26.0,2.0
CHINA:  S. XINJIANG:  HOTAN,2015,6.4,20.0,263.0
RWANDA:  BUKAVU,2015,5.5,10.0,30.0
CHILE:  CENTRAL,2015,8.3,22.0,14.0
INDONESIA:  SORONG,2015,6.6,18.0,39.0
ARGENTINA:  GALPON,2015,5.8,14.0,5.0
AFGHANISTAN: HINDU KUSH,2015,7.5,213.0,1700.0
"GREECE:  LEFKADA, KEFALONIA, ITHACA",2015,6.5,11.0,4.0
AFGHANISTAN:  HINDU KUSH:  NANGARHAR; PAKISTAN,2015,6.3,203.0,97.0
INDIA:  IMPAHL,2016,6.7,55.0,100.0
INDONESIA: MALUKU:  AMBALAU ISLAND,2016,5.5,46.0,8.0
MOROCCO:  MELILLA,2016,6.3,10.0,15.0
TAIWAN:  TAINAN,2016,6.4,23.0,525.0
AFGHANISTAN:  KHYBER PAKHTUNKHWA,2016,6.6,212.0,5.0
"JAPAN:  KUMAMOTO, OITA",2016,7.0,10.0,1500.0
"ECUADOR:  NEAR WEST COAST:  PUERTO LOPEZ, SALANGO",2016,7.8,21.0,6274.0
CHINA:  TIBET (XIZANG PROVINCE),2016,5.5,10.0,60.0
ECUADOR:  MANABI PROVINCE,2016,6.8,31.0,162.0
INDONESIA:  SUMBAWA ISLAND:  WEST NUSA TENGGARA,2016,5.9,10.0,4.0
PERU:  AREQUIPA,2016,5.4,10.0,67.0
"ITALY:  ACCUMOLI, ARQUATA, AMATRICE",2016,6.2,10.0,368.0
MYANMAR (BURMA): CHAUK,2016,6.8,84.0,20.0
TANZANIA:  LAKE VICTORIA,2016,5.9,40.0,252.0
BALKANS NW:  MACEDONIA,2016,5.3,10.0,30.0
SOUTH KOREA:  GYEONGJU,2016,4.6,10.0,14.0
RWANDA:  RISUZI; CONGO:  UKAVU,2016,4.8,10.0,25.0
JAPAN:  KURAYOSHI,2016,6.2,10.0,7.0
ITALY: NORCIA,2016,6.6,10.0,12.0
"NEPAL:   MOUNT AMA DABLAM, CHARIKHARKA",2016,5.4,10.0,1.0
"PERU:  PUNO, LAMPA",2016,6.2,10.0,17.0
INDONESIA:  SUMATRA:  ACEH:  PIDIE JAYA,2016,6.5,8.0,600.0
INDIA:  AMBASA,2017,5.7,32.0,3.0
IRAN:  KHONJ,2017,5.0,10.0,4.0
PHILIPPINES: SURIGAO DEL NORTE,2017,6.5,15.0,202.0
MYANMAR (BURMA):  THARRAWADDY,2017,5.1,10.0,36.0
IRAN:  SEFID SANG,2017,6.1,13.0,11.0
"PHILIPPINES: BATANGAS, CALABARZON",2017,5.9,43.0,6.0
"EL SALVADOR: SAN SALVADOR,SOYAPANGO",2017,4.8,10.0,3.0
CHINA: XINJIANG: QUZGUN,2017,5.4,10.0,23.0
IRAN: KHORASAN,2017,5.8,17.0,400.0
TANZANIA: MWANZA,2017,4.4,10.0,18.0
INDONESIA:  SULAWESI:  POSO,2017,6.8,12.0,5.0
GREECE: LESBOS,2017,6.3,10.0,15.0
"GUATEMALA: QUETZALTENANGO, SUCHITEPEQUEZ; MEXICO",2017,6.9,94.0,30.0
"GUATEMALA: ESCUINTLA, SUCHITEPEQUEZ, GUATEMALA",2017,6.8,47.0,4.0
MOZAMBIQUE,2017,5.6,24.0,4.0
PHILIPPINES: LEYTE,2017,6.5,7.0,101.0
"TURKEY: BODRUM, DATCA; GREECE: KOS",2017,6.7,10.0,500.0
CHINA:  SICHUAN PROVINCE:  ABA,2017,6.5,9.0,493.0
CHINA:  XINGJIANG: BORTALA,2017,6.3,26.0,32.0
ITALY:  ISLAND OF ISCHIA,2017,4.2,9.0,42.0
MEXICO:  OAXACA,2017,6.1,9.0,2.0
PHILIPPINES: MINDANAO: LANAO DEL SUR PROVINCE,2017,5.7,31.0,11.0
